{"hunger": 0.039000000804662704, "thirst": 0.11699999868869781, "exhaustion": 0.07000000029802322, "happiness": 0.0}