{"t_x": -0.7494721412658691, "t_y": 0.44519278407096863, "t_z": 1.024130940437317, "r_x": 0.038562178433055753, "r_y": 0.3890056294057426, "r_z": 0.05452635486488079, "r_w": 0.918811436210003}