{"hunger": 0.05900000035762787, "thirst": 0.1770000010728836, "exhaustion": 0.09700000286102295, "happiness": 0.0}