{"t_x": 0.4787672162055969, "t_y": 0.951315701007843, "t_z": 1.1360092163085938, "r_x": -0.40010257174515856, "r_y": 0.5753275888509293, "r_z": 0.48318338469076166, "r_w": 0.5248332252712911}