{"t_x": -0.7355543375015259, "t_y": 0.6095300316810608, "t_z": 1.1236580610275269, "r_x": -0.4216764521070575, "r_y": 0.4162507907502624, "r_z": 0.21144929282159186, "r_w": 0.777311678481312}