{"t_x": 0.15600797533988953, "t_y": 0.08133671432733536, "t_z": -0.49068963527679443, "r_x": -0.2959017411322204, "r_y": -0.16749024140672616, "r_z": -0.04752900380336424, "r_w": 0.9392178514199446}