{"hunger": 0.0689999982714653, "thirst": 0.2070000022649765, "exhaustion": 0.11699999868869781, "happiness": 0.0}