{"t_x": -0.0871284008026123, "t_y": 0.047563496977090836, "t_z": 1.0312994718551636, "r_x": -0.13550467434685978, "r_y": -0.22101263123735412, "r_z": -0.07693382151327756, "r_w": 0.9627424822718982}