{"t_x": -0.19135916233062744, "t_y": 0.023155376315116882, "t_z": 0.799641489982605, "r_x": -0.13456878192554345, "r_y": -0.12237689014071555, "r_z": -0.017589459361069756, "r_w": 0.9831611010459822}