{"t_x": -0.23167355358600616, "t_y": 0.01433754526078701, "t_z": 0.9281055927276611, "r_x": -0.13991313652327955, "r_y": -0.2881929171178327, "r_z": -0.05063595434433929, "r_w": 0.9459414130267108}