{"hunger": 0.09099999815225601, "thirst": 0.27300000190734863, "exhaustion": 0.16099999845027924, "happiness": 0.0}