{"t_x": -0.4746682047843933, "t_y": 0.23663651943206787, "t_z": 4.05232048034668, "r_x": -0.4573769302916766, "r_y": 0.425458646953871, "r_z": 0.18805467251537053, "r_w": 0.7579094428190488}