{"hunger": 0.04800000041723251, "thirst": 0.14399999380111694, "exhaustion": 0.07900000363588333, "happiness": 0.0}