{"t_x": -0.5189829468727112, "t_y": 0.750623345375061, "t_z": 1.316696286201477, "r_x": -0.5220969833031777, "r_y": 0.3487296347443987, "r_z": 0.27956375038700076, "r_w": 0.7263927941178344}