{"hunger": 0.08900000154972076, "thirst": 0.2669999897480011, "exhaustion": 0.15700000524520874, "happiness": 0.0}