{"t_x": -0.48491695523262024, "t_y": 0.20031259953975677, "t_z": 3.933806896209717, "r_x": -0.4268509197288745, "r_y": 0.3968851929645807, "r_z": 0.20397579964047646, "r_w": 0.7865585223574337}