{"hunger": 0.06599999964237213, "thirst": 0.1979999989271164, "exhaustion": 0.11100000143051147, "happiness": 0.0}