{"t_x": 0.11917024850845337, "t_y": 0.11677251011133194, "t_z": 1.2559171915054321, "r_x": -0.37977490918096063, "r_y": 0.20480135553446766, "r_z": 0.23477351986489936, "r_w": 0.8710389299555351}