{"hunger": 0.0860000029206276, "thirst": 0.257999986410141, "exhaustion": 0.1509999930858612, "happiness": 0.0}