{"t_x": -0.7004894614219666, "t_y": 0.10418190807104111, "t_z": 3.4138965606689453, "r_x": -0.2903702526992177, "r_y": 0.264373091103425, "r_z": 0.08079441553063223, "r_w": 0.9161136651458028}