{"t_x": -0.08636367321014404, "t_y": 0.07561501860618591, "t_z": 0.8767303824424744, "r_x": -0.24594412516311284, "r_y": -0.5959448994187896, "r_z": -0.22983960692074984, "r_w": 0.7290644136460064}