{"hunger": 0.05700000002980232, "thirst": 0.17100000381469727, "exhaustion": 0.09300000220537186, "happiness": 0.0}