{"t_x": 0.40492650866508484, "t_y": 0.8287951350212097, "t_z": 1.1563884019851685, "r_x": -0.409141983354441, "r_y": 0.5842177723248916, "r_z": 0.47534797640189824, "r_w": 0.5151084674970466}