{"hunger": 0.07199999690055847, "thirst": 0.2160000056028366, "exhaustion": 0.12300000339746475, "happiness": 0.0}