{"t_x": -0.23631462454795837, "t_y": 0.0392221137881279, "t_z": 0.9459791779518127, "r_x": -0.09653465475946596, "r_y": -0.2301912611994865, "r_z": -0.05096182240932518, "r_w": 0.9670035865262243}