{"hunger": 0.06700000166893005, "thirst": 0.20100000500679016, "exhaustion": 0.11299999803304672, "happiness": 0.0}