{"t_x": 0.07390906661748886, "t_y": 0.09142419695854187, "t_z": 1.2456200122833252, "r_x": -0.35516402691703763, "r_y": 0.06871231754914471, "r_z": 0.15397633857686854, "r_w": 0.9194718149892148}