{"hunger": 0.06199999898672104, "thirst": 0.1860000044107437, "exhaustion": 0.10300000011920929, "happiness": 0.0}