{"t_x": 0.38630199432373047, "t_y": 0.6186128258705139, "t_z": 1.1043833494186401, "r_x": 0.4986007415581894, "r_y": -0.4870777348110771, "r_z": -0.554864925614388, "r_w": -0.45417782320570554}