{"t_x": 0.4873843491077423, "t_y": 0.007090016733855009, "t_z": -1.1306129693984985, "r_x": -0.10888676356214629, "r_y": -0.26755994585035286, "r_z": -0.021271118915446748, "r_w": 0.9571326384559261}