{"hunger": 0.04500000178813934, "thirst": 0.13500000536441803, "exhaustion": 0.07599999755620956, "happiness": 0.0}