{"t_x": -0.7588452696800232, "t_y": 0.4847875237464905, "t_z": 1.1802797317504883, "r_x": -0.19232506961944507, "r_y": 0.45139059734743314, "r_z": 0.045462604200982915, "r_w": 0.8701670804170127}