{"t_x": -0.2403077781200409, "t_y": 0.0157854612916708, "t_z": 0.9002326130867004, "r_x": -0.052041550423119434, "r_y": -0.46289730794982137, "r_z": -0.08054799938808442, "r_w": 0.8812092708982036}