{"hunger": 0.0729999989271164, "thirst": 0.21899999678134918, "exhaustion": 0.125, "happiness": 0.0}