{"t_x": -0.27760374546051025, "t_y": 0.04116297885775566, "t_z": 0.9721459746360779, "r_x": -0.09876514831575267, "r_y": -0.24575259934001276, "r_z": -0.04331958232649033, "r_w": 0.9633143407958032}