{"hunger": 0.06499999761581421, "thirst": 0.19499999284744263, "exhaustion": 0.10899999737739563, "happiness": 0.0}