{"t_x": 0.2107340544462204, "t_y": 0.18381401896476746, "t_z": 1.2205543518066406, "r_x": -0.42678544678352553, "r_y": 0.3695684438589477, "r_z": 0.35559195907520663, "r_w": 0.744867576390944}