{"hunger": 0.05400000140070915, "thirst": 0.16200000047683716, "exhaustion": 0.08699999749660492, "happiness": 0.0}