{"t_x": 0.0624801367521286, "t_y": 0.5217736959457397, "t_z": 1.1952857971191406, "r_x": -0.42377014225531917, "r_y": 0.5688263738681778, "r_z": 0.37385027431939166, "r_w": 0.5975712470628103}