{"t_x": -0.7305190563201904, "t_y": 0.6054016947746277, "t_z": 1.141883134841919, "r_x": -0.41847118890249624, "r_y": 0.4202190949925252, "r_z": 0.20154030750474397, "r_w": 0.7795378635532001}