{"hunger": 0.0820000022649765, "thirst": 0.2460000067949295, "exhaustion": 0.14300000667572021, "happiness": 0.0}