{"t_x": -0.6608532071113586, "t_y": 0.07640663534402847, "t_z": 2.447794198989868, "r_x": -0.19762243309480146, "r_y": 0.10397665191569527, "r_z": 0.030608357829114925, "r_w": 0.9742676009316424}