{"t_x": -0.06974083930253983, "t_y": 0.06346922367811203, "t_z": 0.9805684089660645, "r_x": -0.25545328978610127, "r_y": -0.6929286539403685, "r_z": -0.23159210773864855, "r_w": 0.6332129127860687}