{"hunger": 0.057999998331069946, "thirst": 0.17399999499320984, "exhaustion": 0.0949999988079071, "happiness": 0.0}