{"t_x": 0.45372089743614197, "t_y": 0.9205533862113953, "t_z": 1.1481897830963135, "r_x": -0.40849519765174713, "r_y": 0.583359383396669, "r_z": 0.4738280697249752, "r_w": 0.5179869338499014}