{"t_x": -0.3901066184043884, "t_y": 0.6080724596977234, "t_z": 1.342698574066162, "r_x": -0.3939762064514036, "r_y": 0.43769773274701584, "r_z": 0.2443827955104041, "r_w": 0.7703768511298887}