{"hunger": 0.07800000160932541, "thirst": 0.23399999737739563, "exhaustion": 0.13500000536441803, "happiness": 0.0}