{"t_x": -0.5047159790992737, "t_y": 0.07287321984767914, "t_z": 1.698955774307251, "r_x": -0.14560002228709829, "r_y": 0.01414809762150172, "r_z": -0.021473877338659002, "r_w": 0.9890092706520668}