{"hunger": 0.05000000074505806, "thirst": 0.15000000596046448, "exhaustion": 0.08100000023841858, "happiness": 0.0}