{"t_x": -0.3472733795642853, "t_y": 0.884171187877655, "t_z": 1.4327040910720825, "r_x": -0.5530728408629572, "r_y": 0.3747577663482572, "r_z": 0.314016679334874, "r_w": 0.6745817773709443}