{"hunger": 0.09300000220537186, "thirst": 0.27900001406669617, "exhaustion": 0.16500000655651093, "happiness": 0.0}