{"t_x": -0.49989572167396545, "t_y": 0.20827098190784454, "t_z": 4.0487380027771, "r_x": -0.44983758972871873, "r_y": 0.3782171262787541, "r_z": 0.1659019122121076, "r_w": 0.7918803595120062}