{"t_x": -0.448438435792923, "t_y": -0.005480238702148199, "t_z": 1.1605982780456543, "r_x": -0.06486014780232431, "r_y": -0.3201188027841284, "r_z": 0.0018851141674559413, "r_w": 0.9451526647455916}