{"hunger": 0.08299999684095383, "thirst": 0.24899999797344208, "exhaustion": 0.14499999582767487, "happiness": 0.0}