{"t_x": -0.6795924305915833, "t_y": 0.06642329692840576, "t_z": 2.6551177501678467, "r_x": -0.227463265473171, "r_y": 0.1266537337536584, "r_z": 0.03184115214144032, "r_w": 0.9649898629606659}