{"hunger": 0.08799999952316284, "thirst": 0.2639999985694885, "exhaustion": 0.1550000011920929, "happiness": 0.0}