{"t_x": -0.5888584852218628, "t_y": 0.12038351595401764, "t_z": 3.67467999458313, "r_x": -0.34844587620272127, "r_y": 0.3109350656567178, "r_z": 0.1452741704681901, "r_w": 0.872238655241299}