{"hunger": 0.08100000023841858, "thirst": 0.24300000071525574, "exhaustion": 0.14100000262260437, "happiness": 0.0}