{"t_x": -0.6559159159660339, "t_y": 0.06594747304916382, "t_z": 2.227825403213501, "r_x": -0.1650274063888076, "r_y": 0.0978932211477452, "r_z": 0.013490413968722062, "r_w": 0.981326082973878}