{"hunger": 0.08399999886751175, "thirst": 0.25200000405311584, "exhaustion": 0.1469999998807907, "happiness": 0.0}