{"t_x": -0.7101860046386719, "t_y": 0.08744790405035019, "t_z": 2.8462448120117188, "r_x": -0.23715245236426488, "r_y": 0.14906985751451463, "r_z": 0.02727537359876593, "r_w": 0.9595795672654067}