{"t_x": -0.20727911591529846, "t_y": 0.017360065132379532, "t_z": 0.957891047000885, "r_x": -0.15349750937485307, "r_y": -0.4019578492768366, "r_z": -0.08094490656702721, "r_w": 0.8990641379352821}