{"t_x": -0.40016603469848633, "t_y": 0.10431122034788132, "t_z": 1.4098738431930542, "r_x": -0.19777605706626752, "r_y": 0.35254146363532024, "r_z": 0.14161952813730072, "r_w": 0.9036277203137112}