{"t_x": -0.1622769683599472, "t_y": 0.039505284279584885, "t_z": 0.9579522609710693, "r_x": -0.18959464022279723, "r_y": -0.6098560176018708, "r_z": -0.1666371979699633, "r_w": 0.7512400112123249}