{"hunger": 0.03999999910593033, "thirst": 0.11999999731779099, "exhaustion": 0.07100000232458115, "happiness": 0.0}