{"t_x": -0.7348120212554932, "t_y": 0.4561765789985657, "t_z": 1.0043987035751343, "r_x": 0.02718681537544559, "r_y": 0.3774141763651702, "r_z": 0.06677852738000756, "r_w": 0.9232334725459749}