{"t_x": -0.46848368644714355, "t_y": -0.0025242348201572895, "t_z": 1.2535197734832764, "r_x": -0.07310660815078493, "r_y": -0.2310400569360792, "r_z": 0.017451151934749883, "r_w": 0.9700367896280074}