{"t_x": -0.18969325721263885, "t_y": 0.021746063604950905, "t_z": 0.8716714382171631, "r_x": -0.07428034060516803, "r_y": -0.48436424935443323, "r_z": -0.09529552179640513, "r_w": 0.8664828148742754}