{"hunger": 0.08500000089406967, "thirst": 0.2549999952316284, "exhaustion": 0.14900000393390656, "happiness": 0.0}