{"t_x": -0.7402709722518921, "t_y": 0.09593305736780167, "t_z": 3.049645185470581, "r_x": -0.24859909309748873, "r_y": 0.19044439185485584, "r_z": 0.040659780885421916, "r_w": 0.9488288606173876}