{"hunger": 0.07000000029802322, "thirst": 0.20999999344348907, "exhaustion": 0.11900000274181366, "happiness": 0.0}