{"t_x": -0.13019300997257233, "t_y": 0.04222102463245392, "t_z": 1.0038033723831177, "r_x": -0.11471512901052022, "r_y": -0.18435326198272778, "r_z": -0.0704550444302757, "r_w": 0.9735966314068446}