{"t_x": -0.05690298229455948, "t_y": 0.09136273711919785, "t_z": -0.1454082578420639, "r_x": -0.30262250114734884, "r_y": 0.024984587319575428, "r_z": 0.01379476785565966, "r_w": 0.9526831039624887}