{"hunger": 0.061000000685453415, "thirst": 0.18299999833106995, "exhaustion": 0.10100000351667404, "happiness": 0.0}