{"t_x": 0.4216289818286896, "t_y": 0.7765833735466003, "t_z": 1.112924575805664, "r_x": 0.4821485246689987, "r_y": -0.49981659295227204, "r_z": -0.543966349069765, "r_w": -0.4709742929808391}