{"t_x": -0.030726348981261253, "t_y": 0.07279729098081589, "t_z": 0.9528079628944397, "r_x": -0.27597880101635225, "r_y": -0.7065926985273526, "r_z": -0.26053857889635074, "r_w": 0.5972286904395}