{"hunger": 0.04699999839067459, "thirst": 0.14100000262260437, "exhaustion": 0.07800000160932541, "happiness": 0.0}