{"t_x": -0.5678994059562683, "t_y": 0.679358184337616, "t_z": 1.2925076484680176, "r_x": -0.4799658554507184, "r_y": 0.3778325771928836, "r_z": 0.2510092063147338, "r_w": 0.750912577840118}