{"t_x": -0.5084471106529236, "t_y": 0.6677625179290771, "t_z": 1.291820764541626, "r_x": -0.4730054265234802, "r_y": 0.41266276684588793, "r_z": 0.25345801167103815, "r_w": 0.7360260482198989}