{"hunger": 0.07999999821186066, "thirst": 0.23999999463558197, "exhaustion": 0.13899999856948853, "happiness": 0.0}