{"t_x": -0.629092812538147, "t_y": 0.03799000382423401, "t_z": 2.042354106903076, "r_x": -0.15431499238702717, "r_y": 0.0868770541009447, "r_z": 0.0019610977889129477, "r_w": 0.9841927731348141}