{"hunger": 0.03799999877810478, "thirst": 0.11400000005960464, "exhaustion": 0.0689999982714653, "happiness": 0.0}