{"t_x": -0.7777138948440552, "t_y": 0.43279600143432617, "t_z": 1.0503677129745483, "r_x": 0.02992405711575324, "r_y": 0.4050841885791522, "r_z": 0.041576560158316976, "r_w": 0.9128432179812176}