{"t_x": -0.22374650835990906, "t_y": 0.013421453535556793, "t_z": 0.87867271900177, "r_x": -0.13266594833912562, "r_y": -0.19948256205156797, "r_z": -0.032982923403582026, "r_w": 0.9703188034622313}