{"t_x": -0.15345576405525208, "t_y": 0.03519371151924133, "t_z": 0.869285523891449, "r_x": -0.12155675324164962, "r_y": -0.4971695616430927, "r_z": -0.11763820972526488, "r_w": 0.851003897952059}