{"hunger": 0.10000000149011612, "thirst": 0.30000001192092896, "exhaustion": 0.17900000512599945, "happiness": 0.0}