{"t_x": -0.5472061634063721, "t_y": 0.1427840292453766, "t_z": 3.9993910789489746, "r_x": -0.39116175204607406, "r_y": 0.3800787456854219, "r_z": 0.09290090530760121, "r_w": 0.8330078346615177}