{"t_x": -0.10660174489021301, "t_y": 0.0652390569448471, "t_z": 0.8718717694282532, "r_x": -0.20020824937381337, "r_y": -0.5549905970087271, "r_z": -0.19273954886542743, "r_w": 0.7840622171854228}