{"t_x": -0.06873919069766998, "t_y": 0.06515509635210037, "t_z": 0.20628340542316437, "r_x": -0.2268025104015529, "r_y": 0.016296475938769883, "r_z": 0.034513309202044845, "r_w": 0.9731926210342198}