{"hunger": 0.08699999749660492, "thirst": 0.26100000739097595, "exhaustion": 0.15299999713897705, "happiness": 0.0}