{"t_x": -0.6426094174385071, "t_y": 0.11527486890554428, "t_z": 3.5442898273468018, "r_x": -0.31165786435992027, "r_y": 0.28366004381606846, "r_z": 0.11381878286901895, "r_w": 0.8996953038618657}