{"t_x": -0.7182310223579407, "t_y": 0.6320381164550781, "t_z": 1.166757345199585, "r_x": -0.4695805313345681, "r_y": 0.4200922582095918, "r_z": 0.2219740608540616, "r_w": 0.7441398628563503}