{"hunger": 0.09700000286102295, "thirst": 0.29100000858306885, "exhaustion": 0.17299999296665192, "happiness": 0.0}