{"t_x": -0.4836800992488861, "t_y": 0.18201704323291779, "t_z": 4.038381099700928, "r_x": -0.4107613219609601, "r_y": 0.323986222364143, "r_z": 0.1565182603106415, "r_w": 0.8377410687607638}