{"hunger": 0.09600000083446503, "thirst": 0.2879999876022339, "exhaustion": 0.17100000381469727, "happiness": 0.0}