{"t_x": -0.47887033224105835, "t_y": 0.1914268434047699, "t_z": 4.044764041900635, "r_x": -0.42025076753610374, "r_y": 0.32919716373342545, "r_z": 0.15772336500222658, "r_w": 0.8307477715333085}