{"hunger": 0.05999999865889549, "thirst": 0.18000000715255737, "exhaustion": 0.0989999994635582, "happiness": 0.0}