{"t_x": 0.45839723944664, "t_y": 0.88486248254776, "t_z": 1.121415138244629, "r_x": 0.44157407496408296, "r_y": -0.5407583678681527, "r_z": -0.5161277645673071, "r_w": -0.49619034104156096}