{"hunger": 0.05299999937415123, "thirst": 0.1589999943971634, "exhaustion": 0.08500000089406967, "happiness": 0.0}