{"t_x": -0.035149700939655304, "t_y": 0.5423790216445923, "t_z": 1.2466824054718018, "r_x": -0.4511312064074141, "r_y": 0.5446114679864864, "r_z": 0.36070496769571936, "r_w": 0.6080879129062059}