{"hunger": 0.04100000113248825, "thirst": 0.12300000339746475, "exhaustion": 0.07199999690055847, "happiness": 0.0}