{"t_x": -0.7412866353988647, "t_y": 0.46795544028282166, "t_z": 1.004541277885437, "r_x": -0.012708574354708612, "r_y": 0.3751101441073901, "r_z": 0.05598615031172539, "r_w": 0.9252007473510151}