{"hunger": 0.06400000303983688, "thirst": 0.19200000166893005, "exhaustion": 0.10700000077486038, "happiness": 0.0}