{"t_x": 0.29000645875930786, "t_y": 0.3006555736064911, "t_z": 1.1568677425384521, "r_x": -0.4863469868241483, "r_y": 0.46741017754631564, "r_z": 0.48115888031985, "r_w": 0.559893263240898}