{"hunger": 0.07100000232458115, "thirst": 0.21299999952316284, "exhaustion": 0.12099999934434891, "happiness": 0.0}