{"t_x": -0.18930986523628235, "t_y": 0.03847415745258331, "t_z": 0.9639415740966797, "r_x": -0.10307689388336451, "r_y": -0.19677921427446052, "r_z": -0.05608262294081755, "r_w": 0.9734001408367279}