{"hunger": 0.07599999755620956, "thirst": 0.2280000001192093, "exhaustion": 0.13099999725818634, "happiness": 0.0}