{"t_x": -0.40905043482780457, "t_y": 0.03732519596815109, "t_z": 1.3810768127441406, "r_x": -0.1165134740727875, "r_y": -0.14370916573768017, "r_z": -0.0134554773465134, "r_w": 0.9826450204279504}