{"hunger": 0.09200000017881393, "thirst": 0.2759999930858612, "exhaustion": 0.16300000250339508, "happiness": 0.0}