{"t_x": -0.48904600739479065, "t_y": 0.2239345908164978, "t_z": 4.066203594207764, "r_x": -0.45308681485220675, "r_y": 0.406730528179145, "r_z": 0.17415933333710407, "r_w": 0.7739193383459101}