{"t_x": -0.4664016664028168, "t_y": 0.010025295428931713, "t_z": 1.3374978303909302, "r_x": -0.08782952383260222, "r_y": -0.07427892177189492, "r_z": 0.042352427300618035, "r_w": 0.992459010954855}