{"t_x": -0.8244248628616333, "t_y": 0.4353925287723541, "t_z": 1.0657607316970825, "r_x": -0.002835026416936596, "r_y": 0.4100814077480859, "r_z": 0.02752751985440709, "r_w": 0.91162900200423}