{"hunger": 0.07900000363588333, "thirst": 0.2370000034570694, "exhaustion": 0.13699999451637268, "happiness": 0.0}