{"t_x": -0.5799679160118103, "t_y": 0.05190803483128548, "t_z": 1.8711118698120117, "r_x": -0.14796927606000634, "r_y": 0.05688484398951102, "r_z": -0.011301681425851773, "r_w": 0.9872899674682789}