{"hunger": 0.07699999958276749, "thirst": 0.23100000619888306, "exhaustion": 0.13300000131130219, "happiness": 0.0}