{"t_x": -0.4480245113372803, "t_y": 0.04796793684363365, "t_z": 1.5385112762451172, "r_x": -0.13751718563914375, "r_y": -0.04509900935970153, "r_z": -0.022992614927556932, "r_w": 0.9892049548336562}