{"t_x": -0.7638126015663147, "t_y": 0.5703108906745911, "t_z": 1.1584093570709229, "r_x": -0.343390896065828, "r_y": 0.43828784232583734, "r_z": 0.14270210850010592, "r_w": 0.8183046914188467}