{"t_x": -0.8591538667678833, "t_y": 0.4479915201663971, "t_z": 1.0678379535675049, "r_x": -0.03607891389451774, "r_y": 0.41197838117024616, "r_z": 0.019963556288944737, "r_w": 0.910260172610465}