{"hunger": 0.09399999678134918, "thirst": 0.28200000524520874, "exhaustion": 0.16699999570846558, "happiness": 0.0}