{"t_x": -0.4962535798549652, "t_y": 0.19736886024475098, "t_z": 4.039443492889404, "r_x": -0.4394737118201971, "r_y": 0.3612525462022925, "r_z": 0.1593756841785914, "r_w": 0.8068202065974455}