{"hunger": 0.041999999433755875, "thirst": 0.12600000202655792, "exhaustion": 0.0729999989271164, "happiness": 0.0}