{"t_x": -0.7666142582893372, "t_y": 0.47952979803085327, "t_z": 1.031588077545166, "r_x": -0.06622631767680875, "r_y": 0.3879181695704451, "r_z": 0.03241906648368835, "r_w": 0.9187396653527113}