{"t_x": -0.011550163850188255, "t_y": 0.08753369748592377, "t_z": 0.9000492691993713, "r_x": -0.29231872989971835, "r_y": -0.7066969582828604, "r_z": -0.30188819400861433, "r_w": 0.5692035555245468}