{"t_x": -0.08363257348537445, "t_y": 0.03274262696504593, "t_z": 0.44446834921836853, "r_x": -0.18523385018409705, "r_y": -0.011889715927864218, "r_z": 0.01159230178272562, "r_w": 0.9825541582734808}