{"hunger": 0.054999999701976776, "thirst": 0.16500000655651093, "exhaustion": 0.08900000154972076, "happiness": 0.0}