{"t_x": 0.1806769222021103, "t_y": 0.5688613057136536, "t_z": 1.1823737621307373, "r_x": -0.4089740440675648, "r_y": 0.5857269488629033, "r_z": 0.3928738153531637, "r_w": 0.5790633280260663}