{"hunger": 0.04899999871850014, "thirst": 0.1469999998807907, "exhaustion": 0.07999999821186066, "happiness": 0.0}