{"t_x": -0.45866379141807556, "t_y": 0.8347905874252319, "t_z": 1.3717502355575562, "r_x": -0.5344452596763648, "r_y": 0.342745755770484, "r_z": 0.2970700681544224, "r_w": 0.7131921101060427}