{"t_x": -0.016190998256206512, "t_y": 0.08493776619434357, "t_z": 0.9165311455726624, "r_x": -0.2902192788057313, "r_y": -0.7116551439991544, "r_z": -0.2935979085095309, "r_w": 0.5684364470614574}