{"hunger": 0.06800000369548798, "thirst": 0.20399999618530273, "exhaustion": 0.11500000208616257, "happiness": 0.0}