{"t_x": 0.008939220570027828, "t_y": 0.05518154799938202, "t_z": 1.1339805126190186, "r_x": -0.2129521284955969, "r_y": -0.20911178621608034, "r_z": -0.024537532396836773, "r_w": 0.9541077304678908}