{"t_x": -0.3451327383518219, "t_y": 0.2967269718647003, "t_z": 1.3874647617340088, "r_x": -0.2827865784457251, "r_y": 0.42590794043416746, "r_z": 0.19677434896851295, "r_w": 0.8366086497963688}