{"t_x": -0.04063497111201286, "t_y": 0.08821113407611847, "t_z": 0.8813155293464661, "r_x": -0.29018587066182805, "r_y": -0.6681836797557275, "r_z": -0.2832497980250117, "r_w": 0.6237726208283932}