{"t_x": -0.06352976709604263, "t_y": 0.08442771434783936, "t_z": 0.8771277070045471, "r_x": -0.27529611618838007, "r_y": -0.6357738337457111, "r_z": -0.26139112620261384, "r_w": 0.6720702045756859}