{"hunger": 0.04399999976158142, "thirst": 0.13199999928474426, "exhaustion": 0.07500000298023224, "happiness": 0.0}