{"t_x": -0.7998069524765015, "t_y": 0.48377224802970886, "t_z": 1.1207387447357178, "r_x": -0.16207470220715858, "r_y": 0.43884069325681474, "r_z": 0.02390942010092088, "r_w": 0.8835038067132347}