{"hunger": 0.09799999743700027, "thirst": 0.2939999997615814, "exhaustion": 0.17499999701976776, "happiness": 0.0}