{"t_x": -0.5051445960998535, "t_y": 0.1655689924955368, "t_z": 4.0238752365112305, "r_x": -0.4031234774053246, "r_y": 0.3372837035719514, "r_z": 0.13794711078241306, "r_w": 0.8394651630033324}