{"t_x": -0.8247430920600891, "t_y": 0.48741722106933594, "t_z": 1.1268671751022339, "r_x": -0.14079928328144634, "r_y": 0.4274190941068705, "r_z": 0.04591088719196628, "r_w": 0.8918411687388846}