{"hunger": 0.050999999046325684, "thirst": 0.15299999713897705, "exhaustion": 0.0820000022649765, "happiness": 0.0}