{"t_x": -0.2649066746234894, "t_y": 0.779596745967865, "t_z": 1.4073573350906372, "r_x": -0.5398118407912983, "r_y": 0.428676133668266, "r_z": 0.3319369431896972, "r_w": 0.6439392942744033}