{"t_x": -0.14546413719654083, "t_y": 0.04411502927541733, "t_z": 0.6741152405738831, "r_x": -0.14703597056264828, "r_y": -0.07644212208443549, "r_z": -0.0010371202319277395, "r_w": 0.9861723732256713}