{"hunger": 0.07500000298023224, "thirst": 0.22499999403953552, "exhaustion": 0.1289999932050705, "happiness": 0.0}