{"t_x": -0.3704962432384491, "t_y": 0.054020315408706665, "t_z": 1.2120624780654907, "r_x": -0.09830736322790178, "r_y": -0.2318416077946546, "r_z": -0.005779335248188345, "r_w": 0.9677560284051224}