{"hunger": 0.09000000357627869, "thirst": 0.27000001072883606, "exhaustion": 0.1589999943971634, "happiness": 0.0}