{"t_x": -0.4700659513473511, "t_y": 0.2258463054895401, "t_z": 4.004251956939697, "r_x": -0.4455557172595761, "r_y": 0.4234989915837029, "r_z": 0.20076619405938823, "r_w": 0.762772339736962}