{"t_x": -0.13001827895641327, "t_y": 0.04916731268167496, "t_z": 0.8680479526519775, "r_x": -0.15536093518994468, "r_y": -0.5184575850977455, "r_z": -0.14648721930335704, "r_w": 0.8280134098263687}