{"hunger": 0.06300000101327896, "thirst": 0.1889999955892563, "exhaustion": 0.10499999672174454, "happiness": 0.0}