{"t_x": 0.3432373106479645, "t_y": 0.44290441274642944, "t_z": 1.1226025819778442, "r_x": 0.51074800677101, "r_y": -0.4738034104017015, "r_z": -0.5355281003279635, "r_w": -0.47734312148629504}