{"t_x": -0.3155583143234253, "t_y": 0.00487534748390317, "t_z": 0.9740765690803528, "r_x": -0.05175059344370294, "r_y": -0.42633432608182054, "r_z": -0.049335755938152884, "r_w": 0.9017354942934185}