{"hunger": 0.052000001072883606, "thirst": 0.15600000321865082, "exhaustion": 0.08299999684095383, "happiness": 0.0}