{"t_x": -0.14455236494541168, "t_y": 0.6450399160385132, "t_z": 1.3394533395767212, "r_x": -0.4978520323346591, "r_y": 0.49788421885471623, "r_z": 0.3489130234922011, "r_w": 0.6184774535528431}