{"hunger": 0.04600000008940697, "thirst": 0.1379999965429306, "exhaustion": 0.07699999958276749, "happiness": 0.0}