{"t_x": -0.6114545464515686, "t_y": 0.6068116426467896, "t_z": 1.2713596820831299, "r_x": -0.4030729836796539, "r_y": 0.40824815697066313, "r_z": 0.19517548413908972, "r_w": 0.7954697621837742}