{"hunger": 0.0430000014603138, "thirst": 0.1289999932050705, "exhaustion": 0.07400000095367432, "happiness": 0.0}