{"t_x": -0.7975720763206482, "t_y": 0.48662906885147095, "t_z": 1.0664000511169434, "r_x": -0.11987396228294417, "r_y": 0.41334929712829627, "r_z": 0.013667003136065097, "r_w": 0.9025440735805701}