{"hunger": 0.0989999994635582, "thirst": 0.296999990940094, "exhaustion": 0.1770000010728836, "happiness": 0.0}