{"t_x": -0.5309716463088989, "t_y": 0.15184976160526276, "t_z": 4.0103631019592285, "r_x": -0.398558459872439, "r_y": 0.353972755936407, "r_z": 0.1159281484580099, "r_w": 0.8381020859740131}