{"hunger": 0.0949999988079071, "thirst": 0.2849999964237213, "exhaustion": 0.16899999976158142, "happiness": 0.0}