{"t_x": -0.48641863465309143, "t_y": 0.19435106217861176, "t_z": 4.043375015258789, "r_x": -0.43051139071498695, "r_y": 0.3420864983492865, "r_z": 0.157315330731611, "r_w": 0.8202979073657175}