{"hunger": 0.07400000095367432, "thirst": 0.22200000286102295, "exhaustion": 0.12700000405311584, "happiness": 0.0}