{"t_x": -0.32245680689811707, "t_y": 0.05284395441412926, "t_z": 1.0615298748016357, "r_x": -0.09678761038431023, "r_y": -0.2484223874046295, "r_z": -0.028395921351106142, "r_w": 0.9633857729709844}