{"hunger": 0.0560000017285347, "thirst": 0.1679999977350235, "exhaustion": 0.09099999815225601, "happiness": 0.0}