{"t_x": 0.31689491868019104, "t_y": 0.6837484836578369, "t_z": 1.1700481176376343, "r_x": -0.399308198960265, "r_y": 0.5919275662242729, "r_z": 0.44245679569978424, "r_w": 0.5425925750745194}